"Df","Sum Sq","Mean Sq","F value","Pr(>F)"
3,946.30125,315.43375,46.6347776805845,3.26360427825902e-09
20,135.278333333333,6.76391666666666,,
